Tour d'admission;Population;Sanction collégiale;GENMELS;SN4;TS_SN4;TS4_SN4+;CST5;TS_SN5;TS5;436;514;514+;526;526+;536;Renforcement en français;Étudiant international;Étudiant assujetti au R18;Services adaptés;Cours inscrits actuellement;Cours inscrits session passé
2;B;non;83,09;Non;Non;Non;Non;Non;Non;Oui;Non;Oui;Non;Oui;Oui;non;CC;non;non;"20101AFX; 42005BFX; 42007BFX; 42014BFX; 42016BFX";"42004AFX;A; 42005AFX;A; 42006AFX;A"
1;B;DEC préuniversitaire;80,7;Non;Non;Non;Non;Non;Non;Oui;Non;Oui;Non;Non;Non;non;CC;non;non;"42002FFX; 42012YFX";"42006EFX;B; 42008EFX;B; 42014EFX;A"
2;B;DEC préuniversitaire;73;Non;Non;Non;Non;Non;Non;Oui;Non;Oui;Non;Oui;Oui;non;CC;non;non;"42005CFX; 42006CFX; 42008CFX; 42014CFX";"42005BFX;B; 42007BFX;B; 42014BFX;C; 42016BFX;A"
2;B;non;79,81;Non;Non;Non;Non;Non;Non;Oui;Non;Oui;Non;Oui;Oui;non;CC;non;non;"109C21FX; 42006EFX; 42007EFX; 42008EFX; 42014EFX";"42008DFX;A; 42014DFX;B; 42015DFX;C"
2;B;non;66,45;Non;Non;Non;Oui;Non;Non;Oui;Non;Oui;Non;Non;Non;non;RP;non;non;"20101AFX; 340102MQ; 42006CFX; 42014BFX";"3500BDFX;B; 42005BFX;C; 42007BFX;C; 42014BFX;E; 42016BFX;C"
4;B;non;83,91;Non;Non;Non;Non;Non;Non;Oui;Non;Oui;Non;Oui;Oui;non;CC;oui;non;"42007EFX; 42014DFX";"42007EFX;E; 42008EFX;E; 42014DFX;E"
2;B;DEC préuniversitaire;77,52;Oui;Oui;Oui;Non;Non;Non;Non;Non;Non;Non;Non;Non;non;CC;non;non;"42006EFX; 42007EFX; 42008EFX; 42014EFX";"42008DFX;A; 42014DFX;A; 42015DFX;B; 42016DFX;A"
5;I;non;75,96;Oui;Oui;Oui;Non;Oui;Non;Non;Non;Non;Non;Non;Non;non;CC;non;non;"42002FFX; 42012YFX";"109C10FX;C; 42006EFX;C; 42007EFX;B; 42008EFX;C"
4;B;non;73,15;Oui;Oui;Oui;Non;Oui;Non;Non;Non;Non;Non;Non;Non;non;CC;oui;non;"20101AFX; 42005AFX; 42006AFX; 42007BFX";"42005AFX;Aucun résultat; 42006AFX;Aucun résultat; 42007BFX;Aucun résultat; 42016BFX;Aucun résultat"
1;B;non;77,29;Oui;Oui;Oui;Non;Non;Non;Non;Non;Non;Non;Non;Non;non;CC;oui;non;"42005BFX; 42014BFX; 601CJBFX";"340CJCFX;B; 3500BDFX;B; 42005BFX;E; 42006CFX;E; 42014BFX;E; 601103MQ;D; 604C3DFX;B"
2;B;DEC préuniversitaire;82,92;Non;Oui;Oui;Non;Oui;Oui;Non;Non;Non;Non;Non;Non;non;CC;non;non;"42006EFX; 42007EFX; 42008EFX; 42014EFX";"3500BDFX;A; 42008DFX;B; 42014DFX;C; 42015DFX;C; 42016DFX;B"
1;B;non;78,67;Oui;Oui;Oui;Non;Oui;Non;Non;Non;Non;Non;Non;Non;non;CC;oui;non;"20101AFX; 42004AFX; 42005AFX; 42006AFX; 604C3DFX";aucune donnée
5;I;non;82,79;Oui;Oui;Oui;Oui;Oui;Oui;Non;Non;Non;Non;Non;Non;non;RP;non;non;42012YFX;"42002FFX;B; 42012YFX;E"
1;B;non;64,11;Non;Non;Non;Oui;Non;Non;Non;Non;Non;Non;Non;Non;non;CC;non;non;"20101AFX; 42005BFX; 42014BFX";"3500BDFX;C; 42004AFX;D; 42006AFX;C; 42007BFX;C; 42016BFX;D"
5;I;non;0;Non;Oui;Oui;Non;Oui;Non;Non;Non;Non;Non;Non;Non;non;RP;non;non;"42002FFX; 42007EFX; 42012YFX";"42007EFX;E; 42008EFX;B; 42014EFX;D; 601103MQ;D; 601CJAFX;C"
1;B;non;68,38;Non;Non;Non;Oui;Non;Non;Non;Non;Non;Non;Non;Non;non;CC;non;non;"42005BFX; 42006CFX; 42014BFX";aucune donnée
1;B;non;0;Non;Oui;Oui;Non;Oui;Non;Non;Non;Non;Non;Non;Non;non;RP;oui;non;"109C01FX; 201203RE; 42005CFX; 601102MQ";aucune donnée
1;A;non;83,12;Oui;Oui;Oui;Non;Oui;Non;Non;Non;Non;Non;Non;Non;non;CC;non;non;"42002FFX; 42012YFX";"109B02FX;B; 109C01FX;C; 340CJCFX;C; 601103MQ;C; 601CJBFX;D"
1;B;non;72;Non;Non;Non;Oui;Non;Non;Non;Non;Non;Non;Non;Non;non;CC;non;non;"20101AFX; 42005BFX; 42007BFX; 42014BFX; 42016BFX; 530CJAFX; 601103MQ";"340102MQ;A; 42004AFX;B; 42005AFX;C; 42006AFX;C; 510C01FX;C; 601102MQ;E"
1;B;non;74,88;Non;Oui;Oui;Non;Oui;Oui;Non;Non;Non;Non;Non;Non;non;RP;oui;non;"109C04FX; 42006EFX; 42007EFX; 42008EFX; 42014EFX; 601103MQ";"109C01FX;E; 201103RE;E; 340CJCFX;E; 42014DFX;B; 42016DFX;C; 601103MQ;E; 604C1EFX;D"
1;B;non;76,04;Oui;Oui;Oui;Non;Oui;Non;Non;Non;Non;Non;Non;Non;non;CC;oui;non;"109C08FX; 20101AFX; 42004AFX; 42005AFX; 42006AFX";aucune donnée
2;B;non;83,38;Oui;Oui;Oui;Non;Oui;Non;Non;Non;Non;Non;Non;Non;non;RP;oui;non;"109C04FX; 201105RE; 42004AFX; 42005AFX; 42006AFX; 604C3DFX";aucune donnée
4;B;non;0;Non;Oui;Oui;Non;Oui;Non;Non;Non;Non;Non;Non;Non;non;CC;non;non;"340CJVFX; 42005CFX; 42007EFX; 42008CFX; 42014CFX";"340102MQ;Aucun résultat; 340CJAFX;Aucun résultat; 42005CFX;Aucun résultat; 42006EFX;D; 42008CFX;Aucun résultat; 42014CFX;Aucun résultat"
3;B;non;0;Non;Oui;Oui;Non;Oui;Non;Non;Non;Non;Non;Non;Non;non;CC;oui;non;"42005CFX; 42008CFX; 42014CFX; 601101MQ";"340101MQ;E; 42005CFX;E; 42006EFX;D; 42008CFX;E; 42014CFX;E"
1;B;non;65,48;Oui;Oui;Oui;Non;Non;Non;Non;Non;Non;Non;Non;Non;non;CC;non;non;"42002FFX; 42012YFX";"42006EFX;B; 42007EFX;B; 42008EFX;B; 42014EFX;B; 42016DFX;B"
2;B;non;79,87;Oui;Oui;Oui;Non;Oui;Non;Non;Non;Non;Non;Non;Non;non;CC;non;non;"42002FFX; 42012YFX";"42007EFX;B"
4;B;non;71,92;Non;Oui;Oui;Non;Oui;Oui;Non;Non;Non;Non;Non;Non;non;CC;oui;non;"42007EFX; 42012YFX";"42002FFX;D; 42007EFX;E; 42012YFX;E"
2;B;non;0;Non;Oui;Oui;Non;Oui;Non;Non;Non;Non;Non;Non;Non;non;RT;non;non;"109A01FX; 340102MQ; 42004AFX; 42007BFX; 42016BFX; 601102MQ; 604CJJFX";aucune donnée
3;B;non;61,04;Non;Oui;Oui;Non;Non;Non;Non;Non;Non;Non;Non;Non;non;CC;non;oui;"42006EFX; 42008EFX; 42014EFX; 601CJCFX";"3500BDFX;C; 42008DFX;C; 42014DFX;D; 42015DFX;C; 601103MQ;D"
1;B;non;70,85;Oui;Oui;Oui;Non;Non;Non;Non;Non;Non;Non;Non;Non;non;CC;non;non;"203CKA03; 42007EFX; 42008EFX; 42014EFX";"332C01FX;E; 42006EFX;D; 42014DFX;A; 42015DFX;C"
1;B;non;63,26;Oui;Oui;Oui;Oui;Non;Non;Non;Non;Non;Non;Non;Non;non;CC;non;non;"20101AFX; 42006EFX; 42007EFX; 42014DFX; 42014EFX";"109C01FX;B; 340CJBFX;D; 381CJCFX;D; 42014DFX;E; 42015DFX;D"
2;B;non;86,65;Oui;Oui;Oui;Non;Oui;Non;Non;Non;Non;Non;Non;Non;non;CC;non;non;"42002FFX; 42012YFX";"3500BDFX;A; 42006EFX;B; 42007EFX;B; 42008EFX;B; 42014EFX;A; 601CJBFX;B"
2;B;non;50,72;Non;Oui;Oui;Non;Non;Non;Non;Non;Non;Non;Non;Non;non;RP;oui;non;"42005BFX; 42006CFX; 42014BFX; 604C0HFX";"340CJAFX;D; 3500BDFX;C; 42005BFX;E; 42007BFX;D; 42014BFX;E"
1;B;non;66,27;Oui;Oui;Oui;Non;Non;Non;Non;Non;Non;Non;Non;Non;non;CC;non;non;"20101AFX; 332C01FX; 42004AFX; 42007BFX; 42016BFX; 601102MQ";aucune donnée
1;B;non;69,17;Oui;Oui;Oui;Oui;Non;Non;Non;Non;Non;Non;Non;Non;non;CC;non;non;"370CJA03; 42005CFX; 42006CFX; 42008CFX; 42014CFX";"109A13FX;C; 340102MQ;D; 42005BFX;C; 42007BFX;B; 42014BFX;B; 42016BFX;C; 601102MQ;D; 604C2GFX;C"
1;A;non;72,27;Non;Non;Non;Oui;Non;Non;Non;Non;Non;Non;Non;Non;non;CC;non;oui;"360300RE; 42005CFX; 42006EFX; 42007EFX";"42005BFX;A; 42008CFX;A; 42014CFX;C"
1;A;non;84,14;Oui;Oui;Oui;Non;Oui;Non;Non;Non;Non;Non;Non;Non;non;CC;non;non;"42002FFX; 42012YFX";"3500BDFX;A; 42006EFX;A; 42007EFX;A; 42008EFX;B; 42014EFX;A"
1;A;non;76,8;Oui;Oui;Oui;Non;Oui;Non;Non;Non;Non;Non;Non;Non;non;CC;non;oui;"109C10FX; 340CJCFX; 42014EFX; 601CJBFX";"109C04FX;E; 201203RE;D; 3500BDFX;B; 42014DFX;C; 42015DFX;D; 604C2GFX;C"
1;A;non;74,64;Oui;Oui;Oui;Non;Oui;Non;Non;Non;Non;Non;Non;Non;non;CC;non;oui;"42002FFX; 42012YFX";"42006EFX;B; 42007EFX;B; 42008EFX;A; 42014EFX;B; 601CJBFX;C"
4;A;non;74;Oui;Oui;Oui;Non;Non;Non;Non;Non;Non;Non;Non;Non;non;CC;oui;non;"42002FFX; 42007EFX; 42012YFX";"340CJAFX;C; 42006EFX;C; 42007EFX;E; 42008EFX;B; 42014EFX;C"
1;A;non;78,15;Non;Oui;Oui;Non;Oui;Oui;Non;Non;Non;Non;Non;Non;non;CC;non;non;"42008EFX; 42014EFX; 601103MQ; 601CJCFX";"340CJVFX;C; 3500BDFX;C; 42006EFX;C; 42007EFX;C; 42014DFX;D; 601103MQ;E"
5;B;non;76,14;Oui;Oui;Oui;Non;Oui;Non;Non;Non;Non;Non;Non;Non;non;CC;non;non;"340CJCFX; 360300RE; 520CJFFX; 601CJBFX; 604C2GFX";"340CJAFX;E; 3500BDFX;C; 42006CFX;C; 601103MQ;D; 604102MQ;C"
1;A;non;83,93;Non;Oui;Oui;Non;Oui;Oui;Non;Non;Non;Non;Non;Non;non;CC;oui;non;"109C24FX; 201103RE; 340102MQ; 42008CFX; 42016DFX; 601CJVFX";"340102MQ;E; 42008CFX;E; 42014DFX;E; 42015DFX;E"
2;B;non;83,88;Oui;Oui;Oui;Non;Oui;Non;Non;Non;Non;Non;Non;Non;non;CC;non;non;"109C22FX; 201105RE; 42014CFX; 42014DFX; 42015DFX; 601103MQ";"201103RE;D; 42005CFX;D; 42006CFX;D; 42014CFX;E; 601102MQ;D"
2;B;non;74,57;Oui;Oui;Oui;Non;Oui;Non;Non;Non;Non;Non;Non;Non;non;CC;non;non;"201203RE; 42008DFX; 42014DFX; 42015DFX; 42016DFX";"3500BDFX;B; 42005CFX;C; 42006CFX;B; 42008CFX;A; 42014CFX;C; 604C3DFX;C"
1;B;non;76,2;Oui;Oui;Oui;Non;Oui;Non;Non;Non;Non;Non;Non;Non;non;CC;oui;non;"109C01FX; 340CJCFX; 42005AFX; 601102MQ";"109B02FX;A; 305CM3FX;E; 332ZN1FX;E; 340101MQ;D; 42006AFX;C; 601101MQ;D"
1;B;non;76,86;Oui;Oui;Oui;Non;Oui;Non;Non;Non;Non;Non;Non;Non;non;RP;non;non;"42005CFX; 42006CFX; 42008CFX; 42014CFX; 601103MQ";"201103RE;D; 42005BFX;A; 42007BFX;C; 42014BFX;C; 42016BFX;B"
3;B;non;80,87;Oui;Oui;Oui;Non;Oui;Non;Non;Non;Non;Non;Non;Non;non;CC;non;non;"109C01FX; 340101MQ; 42005BFX; 42007BFX; 42014BFX; 42016BFX; 601101MQ; 604102MQ";aucune donnée
1;B;non;82,8;Oui;Oui;Oui;Non;Oui;Non;Non;Non;Non;Non;Non;Non;non;CC;non;oui;"109C08FX; 42008DFX; 42014DFX; 42015DFX; 42016DFX";"3500BDFX;A; 42005CFX;B; 42006CFX;C; 42008CFX;A; 42014CFX;B; 604C2GFX;B"
1;B;non;68,58;Oui;Oui;Oui;Oui;Non;Non;Non;Non;Non;Non;Non;Non;non;CC;oui;non;"20101AFX; 42005BFX; 42007BFX; 42014BFX; 42016BFX";"42004AFX;C; 42006AFX;D; 42007BFX;E; 42016BFX;E"
2;B;non;75,67;Oui;Oui;Oui;Non;Oui;Non;Non;Non;Non;Non;Non;Non;non;CC;oui;non;"109C02FX; 42004AFX; 42005AFX; 604C2GFX";aucune donnée
2;B;non;54,3;Non;Non;Non;Oui;Non;Non;Non;Non;Non;Non;Non;Non;non;CC;non;oui;"42006EFX; 42007EFX; 42014EFX";"3500BDFX;Aucun résultat; 42008DFX;C; 42014DFX;Aucun résultat; 42015DFX;Aucun résultat; 42016DFX;Aucun résultat"
1;B;non;75,08;Oui;Oui;Oui;Non;Oui;Non;Non;Non;Non;Non;Non;Non;non;RP;oui;non;"201203RE; 42006CFX; 42014DFX; 42015DFX";"201103RE;D; 42005CFX;C; 42008CFX;A; 42014CFX;C; 601103MQ;D"
1;B;non;66,74;Oui;Oui;Oui;Non;Oui;Non;Non;Non;Non;Non;Non;Non;non;CC;non;non;"109A13FX; 340CJCFX; 42014DFX; 42015DFX; 601103MQ";aucune donnée
4;B;non;76,57;Non;Non;Non;Non;Non;Non;Oui;Non;Oui;Oui;Oui;Non;non;CC;non;non;"42002FFX; 42012YFX";"201203RE;A; 42006EFX;B; 42008EFX;B"
3;B;non;47,44;Oui;Oui;Oui;Non;Non;Non;Non;Non;Non;Non;Non;Non;non;CC;non;oui;"109A01FX; 42004AFX; 42005AFX; 42006AFX; 604102MQ";"109A01FX;Aucun résultat; 340101MQ;Aucun résultat; 42004AFX;Aucun résultat; 42005AFX;Aucun résultat; 42006AFX;Aucun résultat; 601101MQ;Aucun résultat; 604102MQ;Aucun résultat"
1;B;non;57,93;Non;Oui;Oui;Non;Non;Non;Non;Oui;Oui;Non;Non;Non;non;CC;non;oui;"109C08FX; 42008DFX; 42014DFX; 42015DFX; 42016DFX; 601102MQ";"332C01FX;E; 42005CFX;D; 42006CFX;C; 42008CFX;B; 42014CFX;D; 604C1EFX;D"
5;I;non;74,7;Oui;Oui;Oui;Non;Oui;Non;Non;Non;Non;Non;Non;Non;non;CC;non;non;"42002FFX; 42012YFX";"42006EFX;B; 42007EFX;A; 42008EFX;C; 42014EFX;A"
1;B;non;71,96;Non;Oui;Oui;Non;Oui;Oui;Non;Non;Non;Non;Non;Non;non;CC;non;non;"42002FFX; 42012YFX";"42006EFX;A; 42007EFX;B; 42008EFX;B; 42014EFX;B"
1;B;non;85,36;Non;Non;Non;Non;Non;Non;Oui;Non;Oui;Non;Oui;Oui;non;CC;non;non;"42002FFX; 42012YFX";"42006EFX;B; 42007EFX;C; 42008EFX;B; 42014EFX;B; 42016DFX;A"
1;B;non;78,91;Non;Oui;Oui;Non;Oui;Oui;Non;Non;Non;Non;Non;Non;non;CC;non;non;"42008DFX; 42014DFX; 42015DFX";"42005CFX;D; 42014CFX;D; 42016DFX;C"
2;B;non;69,38;Non;Non;Non;Non;Non;Non;Oui;Non;Oui;Non;Non;Non;non;CC;non;non;"42002FFX; 42012YFX";"42006EFX;B; 42007EFX;A; 42008EFX;A; 42014EFX;A"
1;B;non;0;Non;Oui;Oui;Non;Oui;Non;Non;Non;Non;Non;Non;Non;non;RT;non;non;"340102MQ; 42005BFX; 42007BFX; 42014BFX; 42016BFX; 601101MQ";"340101MQ;C; 42004AFX;A; 42005AFX;A; 601R13FX;C; 604102MQ;C"
5;I;non;0;Non;Oui;Oui;Non;Oui;Non;Non;Non;Non;Non;Non;Non;non;RT;oui;non;"201103RE; 42005BFX; 42014BFX; 604C1EFX";"201105RE;E; 340102MQ;E; 42005BFX;E; 42014BFX;E; 601103IN;E"
1;B;non;0;Non;Oui;Oui;Non;Oui;Non;Non;Non;Non;Non;Non;Non;non;RT;non;non;"42008DFX; 42014DFX; 42015DFX; 42016DFX; 601103MQ; 604C1BFX";"109A13FX;B; 3500BDFX;A; 42005CFX;B; 42006CFX;B; 42008CFX;A; 42014CFX;B"
1;B;non;0;Non;Oui;Oui;Non;Oui;Non;Non;Non;Non;Non;Non;Non;non;RT;non;non;"42005CFX; 42006CFX; 42008CFX; 42014CFX; 604C0HFX";"42005BFX;C; 42007BFX;B; 42014BFX;C; 42016BFX;D; 601103MQ;D; 604100MQ;C"
4;B;non;78,64;Oui;Oui;Oui;Non;Oui;Non;Non;Non;Non;Non;Non;Non;non;CC;non;non;"109B19FX; 340102MQ; 42005BFX; 42014BFX; 601102MQ; 604C2GFX";aucune donnée
1;A;non;78,1;Oui;Oui;Oui;Non;Oui;Non;Non;Non;Non;Non;Non;Non;non;CC;oui;non;"201103RE; 42014CFX; 601103MQ; 604C2GFX";"201103RE;E; 42005CFX;E; 42006CFX;D; 42008CFX;C; 42014CFX;E"
1;A;non;75,64;Oui;Oui;Oui;Non;Oui;Non;Non;Non;Non;Non;Non;Non;non;CC;non;non;"109C01FX; 201203RE; 42006CFX; 42015DFX";"42005CFX;D; 42008CFX;A; 42014CFX;C; 601103MQ;D"
1;B;non;0;Non;Oui;Oui;Non;Oui;Non;Non;Non;Non;Non;Non;Non;non;RT;oui;oui;"340101MQ; 370CJAIN; 42004AFX; 42006CFX; 42007BFX";"109C08FX;C; 42004AFX;E; 42005AFX;C; 42016BFX;D; 601101MQ;E"
1;A;non;66,82;Oui;Oui;Oui;Non;Non;Non;Non;Non;Non;Non;Non;Non;non;CC;non;non;"370CJA03; 42006EFX; 42007EFX; 42008EFX; 42014EFX; 601CJCFX";"3500BDFX;B; 42008DFX;B; 42014DFX;C; 42015DFX;C; 42016DFX;D; 601103MQ;D; 604C2GFX;C"
3;A;non;70,33;Oui;Oui;Oui;Oui;Non;Non;Non;Non;Non;Non;Non;Non;non;CC;oui;non;"332C01FX; 42005BFX; 42007BFX; 42014BFX; 601101MQ; 604C2GFX";"42005AFX;D; 42007BFX;E; 42016BFX;D; 601101MQ;E; 604102MQ;D"
5;B;non;90,1;Oui;Oui;Oui;Non;Oui;Non;Non;Non;Non;Non;Non;Non;non;CC;non;non;"360300RE; 520CJFFX; 530CJAFX; 601CJBFX";"340CJCFX;B; 3500BDFX;B; 42006CFX;C; 601103MQ;C"
1;B;non;70,59;Oui;Oui;Oui;Non;Oui;Non;Non;Non;Non;Non;Non;Non;non;CC;non;non;"20101AFX; 340101MQ; 42005BFX; 42007BFX; 42014BFX; 601102MQ";"109B02FX;C; 42004AFX;C; 42005AFX;C; 42006AFX;D; 601101MQ;D; 604102MQ;B"
2;B;non;62,88;Oui;Oui;Oui;Non;En Cours;Non;Non;Non;Non;Non;Non;Non;oui;CC;oui;non;"201015RE; 340101MQ; 42004AFX; 42005AFX; 42006AFX; 601R13FX";aucune donnée
1;A;non;82,09;Oui;Oui;Oui;Non;Oui;Non;Non;Non;Non;Non;Non;Non;non;CC;non;non;"109C22FX; 340CJAFX; 42006EFX; 42007EFX; 42008EFX; 42014EFX; 601CJVFX";"3500BDFX;B; 42008DFX;C; 42014DFX;B; 42015DFX;C; 42016DFX;A; 510C01FX;C; 604C3DFX;B"
2;B;non;79,65;Oui;Oui;Oui;Non;Oui;Non;Non;Non;Non;Non;Non;Non;non;CC;non;non;"42005CFX; 42006CFX; 42014BFX; 604C2GFX";"201105RE;D; 340CJAFX;D; 42005BFX;D; 42007BFX;D; 42014BFX;E; 42016BFX;D; 601CJCFX;C"
2;B;non;81,3;Oui;Oui;Oui;Non;Oui;Non;Non;Non;Non;Non;Non;Non;non;CC;non;oui;"201203RE; 42005BFX; 42014BFX; 601102MQ";"201103RE;D; 340CJAFX;C; 42005BFX;E; 42007BFX;C; 42014BFX;E; 601102MQ;E; 604C3DFX;D"
2;B;non;69,36;Oui;Oui;Oui;Non;Oui;Non;Non;Non;Non;Non;Non;Non;non;CC;oui;oui;"109C10FX; 201105RE; 340CJAFX; 42005AFX; 42016BFX";"201105RE;E; 340102MQ;D; 42005AFX;E; 42006AFX;D; 42007BFX;D; 42016BFX;E; 601102MQ;E"
2;A;non;66,4;Oui;Oui;Oui;Oui;Non;Non;Non;Non;Non;Non;Non;Non;non;CC;non;non;"42008DFX; 42014DFX; 42015DFX; 42016DFX; 520CJFFX; 601102MQ; 604C2GFX";"340102MQ;D; 42005CFX;D; 42006CFX;D; 42008CFX;A; 42014CFX;D; 601101MQ;C"
2;B;non;0;Non;Oui;Oui;Non;Oui;Non;Non;Non;Non;Non;Non;Non;non;RP;non;non;"42006EFX; 42008CFX; 42014DFX; 601CJBFX; 604C1BFX";"109C01FX;B; 3500BDFX;B; 42008DFX;A; 42014CFX;B; 42015DFX;B; 42016DFX;A"
2;B;non;66,81;Non;Oui;Oui;Non;Oui;Oui;Non;Non;Non;Non;Non;Non;non;CC;non;oui;"42006EFX; 42007EFX; 42008EFX; 42014EFX";"3500BDFX;D; 42008DFX;A; 42014DFX;A; 42015DFX;A"
1;B;non;81,29;Non;Oui;Oui;Non;Oui;Oui;Non;Non;Non;Non;Non;Non;non;CC;non;non;"42006EFX; 42007EFX; 42008EFX; 42014EFX";"3500BDFX;A; 42008DFX;A; 42014DFX;A; 42015DFX;A; 42016DFX;A"
4;B;non;60,75;Non;Non;Non;Oui;Non;Non;Non;Non;Non;Non;Non;Non;non;CC;oui;non;"42005BFX; 42014BFX";"3500BDFX;B; 42005BFX;E; 42014BFX;E; 42016DFX;C"
2;B;non;68,14;Non;Non;Non;Oui;Non;Non;Non;Non;Non;Non;Non;Non;non;CC;non;oui;"42006EFX; 42007EFX; 42008EFX; 42014EFX";"3500BDFX;B; 42008DFX;C; 42014DFX;B; 42015DFX;C; 42016DFX;B"
1;B;non;62,88;Non;Non;Non;Oui;Non;Non;Non;Non;Non;Non;Non;Non;non;CC;non;non;"340CJAFX; 42008DFX; 42014CFX; 42016DFX";"3500BDFX;B; 42005CFX;D; 42006CFX;D; 42008CFX;A; 42014CFX;E"
2;B;non;79,15;Oui;Oui;Oui;Non;Oui;Non;Non;Non;Non;Non;Non;Non;non;CC;oui;non;"42005CFX; 42006CFX";"3500BDFX;C; 42005CFX;E; 42006CFX;E; 42016DFX;E"
4;B;non;74;Oui;Oui;Oui;Non;Oui;Non;Non;Non;Non;Non;Non;Non;non;CC;non;non;"42006EFX; 42007EFX; 42008EFX; 42014EFX";"3500BDFX;C; 42008DFX;A; 42014DFX;B; 42015DFX;C; 42016DFX;C"
4;B;non;67,21;Non;Non;Non;Oui;Non;Non;Non;Non;Non;Non;Non;Non;non;CC;non;non;"42005CFX; 42006CFX; 42014BFX; 601103MQ";"3500BDFX;C; 42005BFX;D; 42014BFX;E; 601102MQ;D"
4;B;non;77,35;Oui;Oui;Oui;Non;Oui;Non;Non;Non;Non;Non;Non;Non;non;CC;non;non;"42006EFX; 42007EFX; 42008EFX; 42014EFX";"201203RE;B; 42008DFX;A; 42014DFX;B; 42015DFX;B; 42016DFX;B"
1;B;non;0;Non;Oui;Oui;Non;Non;Non;Non;Non;Non;Non;Non;Non;non;RT;oui;non;"20101AFX; 42005BFX; 42006CFX; 42014BFX; 601101MQ";"109B01FX;B; 340102MQ;B; 3500BDFX;C; 42005BFX;E; 42014BFX;E; 601101MQ;E; 604C0HFX;E"
1;B;non;0;Non;Oui;Oui;Non;Oui;Non;Non;Non;Non;Non;Non;Non;non;RT;non;non;"109C10FX; 201203RE; 340CJCFX; 42008DFX; 42014DFX; 42015DFX; 42016DFX; 601102MQ";"201103RE;C; 42005CFX;C; 42006CFX;B; 42008CFX;A; 42014CFX;C; 601102MQ;E"
4;B;non;0;Non;Oui;Oui;Non;Non;Non;Non;Non;Non;Non;Non;Non;oui;RT;non;non;"109B02FX; 20101AFX; 340101MQ; 42004AFX; 42006CFX; 601R13FX";aucune donnée
2;B;non;43,83;Oui;Oui;Oui;Non;Oui;Oui;Non;Non;Non;Non;Non;Non;non;CC;non;non;"109C08FX; 385CJB03; 42008DFX; 42014DFX; 42015DFX; 42016DFX; 604C3DFX";"201103RE;C; 42005CFX;A; 42006CFX;A; 42008CFX;A; 42014CFX;A; 601103MQ;B"
1;B;non;0;Non;Oui;Oui;Non;Oui;Non;Non;Non;Non;Non;Non;Non;non;RT;non;non;"201203RE; 340CJCFX; 42008DFX; 42014DFX; 42015DFX; 42016DFX; 601103MQ";"201103RE;B; 42005CFX;C; 42006CFX;B; 42008CFX;B; 42014CFX;B; 601102MQ;D"
1;A;non;59,64;Non;Oui;Oui;Non;Non;Non;Non;Non;Non;Non;Non;Non;non;CC;non;oui;"109B02FX; 42004AFX; 42005AFX; 42006AFX";"109A01FX;Aucun résultat; 42004AFX;Aucun résultat; 42005AFX;Aucun résultat; 42006AFX;Aucun résultat; 601R13FX;Aucun résultat; 604102MQ;Aucun résultat"
1;B;non;0;Non;Oui;Oui;Non;Oui;Non;Non;Non;Non;Non;Non;Non;non;RP;non;non;"109C10FX; 201203RE; 42008DFX; 42014DFX; 42015DFX; 42016DFX; 601102MQ; 604100MQ";"201103RE;C; 42005CFX;C; 42006CFX;C; 42008CFX;B; 42014CFX;C; 601102MQ;E"
4;A;non;75;Oui;Oui;Oui;Non;Non;Non;Non;Non;Non;Non;Non;Non;non;CC;non;oui;"42005CFX; 42006CFX; 42008CFX; 42014CFX; 601103MQ";"109A12FX;B; 3500BDFX;A; 42005BFX;B; 42007BFX;B; 42014BFX;B; 42016BFX;B"
2;B;non;0;Non;Oui;Oui;Non;Non;Non;Non;Non;Non;Non;Non;Non;non;CC;non;non;"109C24FX; 42006CFX; 42014DFX; 42015DFX; 601CJBFX; 604C3DFX";"109A01FX;B; 42005CFX;D; 42008CFX;A; 42014CFX;D; 42016BFX;C; 601103MQ;C"
2;B;non;77,59;Non;Oui;Oui;Non;Non;Non;Non;Oui;Oui;Non;Non;Non;non;CC;oui;oui;"20101AFX; 42004AFX; 42005AFX; 42006AFX";"109C10FX;E; 42004AFX;E; 42005AFX;E; 42006AFX;E"
5;B;non;75,4;Oui;Oui;Oui;Non;Non;Non;Non;Non;Non;Non;Non;Non;non;CC;non;non;"42005CFX; 42006EFX; 42014CFX; 601103MQ; 604102MQ";"340102MQ;D; 370CJA03;D; 42005BFX;B; 42006CFX;C; 42008CFX;B"
2;B;non;75,31;Oui;Oui;Oui;Non;Oui;Non;Non;Non;Non;Non;Non;Non;non;CC;non;non;"201203RE; 42008DFX; 42014DFX; 42015DFX; 42016DFX";"3500BDFX;B; 42005CFX;B; 42006CFX;A; 42008CFX;A; 42014CFX;B"
3;B;non;79,58;Oui;Oui;Oui;Non;Oui;Non;Non;Non;Non;Non;Non;Non;non;CC;non;non;"42008DFX; 42014DFX; 42015DFX; 42016DFX";"42005CFX;C; 42006CFX;C; 42008CFX;B; 42014CFX;C"
3;B;non;86,64;Non;Non;Non;Non;Non;Non;Oui;Oui;Oui;Non;Non;Non;non;CC;non;non;"42008DFX; 42014DFX; 42015DFX; 42016DFX";"42005CFX;C; 42006CFX;B; 42008CFX;A; 42014CFX;C"
1;B;non;0;Non;Oui;Oui;Non;Oui;Non;Non;Non;Non;Non;Non;Non;non;RT;non;non;"109B19FX; 20101AFX; 340102MQ; 42004AFX; 42005AFX; 42006AFX; 601102MQ";"109A01FX;B; 201105RE;E; 340101MQ;C; 401ZN1FX;D; 601101MQ;C; 604014FX;C"
5;B;non;0;Non;Oui;Oui;Non;Oui;Non;Non;Non;Non;Non;Non;Non;non;RT;non;non;"42005CFX; 42006CFX; 42008CFX; 42014CFX; 604C3DFX";"42005BFX;A; 42007BFX;A; 42014BFX;A; 42016BFX;A; 601103MQ;B; 604103MQ;A"
1;B;non;0;Non;Oui;Oui;Non;Oui;Non;Non;Non;Non;Non;Non;Non;non;RT;non;non;"42005CFX; 42006CFX; 42008CFX; 42014CFX; 601102MQ";"109B28FX;C; 42005BFX;D; 42007BFX;C; 42014BFX;D; 42016BFX;C; 604102MQ;B"
1;B;non;0;Non;Oui;Oui;Non;Oui;Non;Non;Non;Non;Non;Non;Non;non;RT;oui;non;"109B19FX; 42005BFX; 42014BFX; 42016BFX; 601101MQ; 604100MQ";"109B28FX;E; 340102MQ;D; 42005BFX;E; 42007BFX;D; 42014BFX;E; 42016BFX;E; 601101MQ;E; 604101MQ;E"
1;A;non;85,88;Oui;Oui;Oui;Non;Oui;Non;Non;Non;Non;Non;Non;Non;non;CC;non;non;"201103RE; 42005CFX; 42006CFX; 42008CFX; 42014CFX; 601103MQ";"109B22FX;C; 340102MQ;B; 42005BFX;B; 42007BFX;A; 42014BFX;B; 42016BFX;C; 601102MQ;C; 604103MQ;B"
1;A;non;72,5;Oui;Oui;Oui;Non;Oui;Non;Non;Non;Non;Non;Non;Non;non;CC;non;non;"109C24FX; 340102MQ; 42005BFX; 42014BFX; 601103MQ; 604103MQ";"109B02FX;B; 201105RE;C; 340101MQ;B; 42006AFX;C; 42007BFX;C; 42016BFX;D; 601102MQ;D"
1;B;non;67,45;Non;Oui;Oui;Non;Non;Non;Non;Non;Non;Non;Non;Non;non;CC;non;non;"109B19FX; 20101AFX; 42004AFX; 42005AFX; 42006AFX; 601101MQ";"109B28FX;E; 201016RE;D; 203CKA03;E; 601R13FX;D"
1;A;non;74,46;Oui;Oui;Oui;Non;Oui;Non;Non;Non;Non;Non;Non;Non;non;CC;non;non;"201103RE; 42005CFX; 42006CFX; 42008CFX; 42014CFX; 601102MQ";"109B28FX;C; 340102MQ;D; 42005BFX;D; 42007BFX;D; 42014BFX;B; 42016BFX;C; 601101MQ;D; 604103MQ;B"
1;A;non;82;Oui;Oui;Oui;Non;Oui;Non;Non;Non;Non;Non;Non;Non;non;CC;non;non;"109C04FX; 20101AFX; 340102MQ; 42005BFX; 42014BFX";"109A01FX;B; 42004AFX;B; 42007BFX;C; 601102MQ;C; 604101MQ;B"
1;A;non;78,23;Oui;Oui;Oui;Non;Oui;Non;Non;Non;Non;Non;Non;Non;non;CC;oui;non;"340CJCFX; 42006CFX; 42007BFX; 42008CFX; 42016DFX; 601101MQ";"109B08FX;B; 201105RE;E; 340102MQ;C; 42005BFX;C; 42007BFX;E; 42014BFX;D; 42016BFX;D; 604102MQ;D"
1;B;non;80,96;Oui;Oui;Oui;Non;Oui;Non;Non;Non;Non;Non;Non;Non;non;CC;non;non;"109C10FX; 42004AFX; 42007BFX; 42016BFX; 601103MQ; 604102MQ";"109B02FX;B; 201105RE;D; 340102MQ;C; 42004AFX;E; 42005AFX;C; 42006AFX;A; 601102MQ;D"
1;A;non;0;Oui;Oui;Oui;Non;Non;Non;Non;Non;Non;Non;Non;Non;non;CC;oui;non;"109A13FX; 20101AFX; 42005BFX; 42014BFX; 42016BFX; 601102MQ";"109A12FX;E; 340101MQ;D; 42005BFX;E; 42007BFX;D; 42014BFX;E; 42016BFX;E; 601102MQ;E; 604101MQ;D"
1;A;non;63,61;Non;Non;Non;Oui;Non;Non;Non;Non;Non;Non;Non;Non;non;CC;non;oui;"109A12FX; 20101AFX; 42005AFX; 42006AFX; 601101MQ";"42004AFX;C; 42005AFX;E; 601R13FX;C"
1;A;non;84,46;Oui;Oui;Oui;Non;Oui;Non;Non;Non;Non;Non;Non;Non;non;CC;non;non;"201103RE; 42005CFX; 42006CFX; 42008CFX; 42014CFX; 601102MQ";"109B28FX;C; 340102MQ;A; 42005BFX;B; 42007BFX;B; 42014BFX;B; 42016BFX;D; 601101MQ;D; 604103MQ;C"
1;A;non;87,04;Oui;Oui;Oui;Non;Oui;Non;Non;Non;Non;Non;Non;Non;non;CC;non;oui;"201203RE; 42005CFX; 42006CFX; 42008CFX; 42014CFX; 601103MQ";"109A20FX;A; 340102MQ;A; 42005BFX;A; 42007BFX;A; 42014BFX;B; 42016BFX;B; 601102MQ;B; 604101MQ;C"
1;A;non;83,85;Oui;Oui;Oui;Non;Oui;Non;Non;Non;Non;Non;Non;Non;non;CC;non;oui;"201103RE; 340102MQ; 42005CFX; 42006CFX; 42008CFX; 42014CFX; 601103MQ";"109A01FX;C; 42005BFX;B; 42007BFX;B; 42014BFX;B; 42016BFX;C; 601101MQ;C; 604101MQ;C"
3;B;non;0;Non;Oui;Oui;Non;Oui;Non;Non;Non;Non;Non;Non;Non;non;RT;non;non;"201103RE; 42005CFX; 42006CFX; 42008CFX; 42014CFX; 601103MQ; 604100MQ";"109B22FX;A; 340102MQ;A; 42005BFX;A; 42007BFX;B; 42014BFX;B; 42016BFX;B; 601102MQ;C; 604014FX;B"
2;B;non;0;Non;Oui;Oui;Non;Non;Non;Non;Non;Non;Non;Non;Non;non;RT;non;non;"109B02FX; 42005CFX; 42006CFX; 42008CFX; 42014CFX; 601103MQ";"340102MQ;B; 42005BFX;D; 42007BFX;C; 42014BFX;D; 42016BFX;B; 601102MQ;C; 604102MQ;B"
1;A;non;82,12;Oui;Oui;Oui;Non;Oui;Non;Non;Non;Non;Non;Non;Non;non;CC;non;non;"201103RE; 42005CFX; 42006CFX; 42008CFX; 42014CFX; 601102MQ";"109B02FX;B; 340102MQ;B; 42005BFX;A; 42007BFX;B; 42014BFX;C; 42016BFX;C; 601101MQ;C; 604103MQ;A"
1;A;non;74,68;Non;Non;Non;Oui;Non;Non;Non;Non;Non;Non;Non;Non;non;CC;non;non;"109B25FX; 20101AFX; 42005AFX; 42007BFX; 42014BFX; 604C3DFX";"109A01FX;D; 42004AFX;D; 42005AFX;E; 42006AFX;D; 601102MQ;E; 604102MQ;D"
1;A;non;93,46;Oui;Oui;Oui;Non;Oui;Non;Non;Non;Non;Non;Non;Non;non;CC;non;non;"201103RE; 42005CFX; 42006CFX; 42008CFX; 42014CFX; 601102MQ";"109A13FX;A; 340102MQ;A; 42005BFX;A; 42007BFX;A; 42014BFX;A; 42016BFX;A; 601CJWFX;B; 604102MQ;A"
1;B;non;72,6;Oui;Oui;Oui;Non;Oui;Non;Non;Non;Non;Non;Non;Non;non;CC;non;oui;"109A15FX; 20101AFX; 42005BFX; 42007BFX; 42014BFX; 42016BFX; 601102MQ";"101CJA03;D; 109B22FX;D; 340102MQ;C; 42004AFX;A; 42005AFX;B; 601102MQ;E"
1;B;non;60,38;Non;Oui;Oui;Non;Non;Non;Non;Non;Non;Non;Non;Non;non;CC;non;non;"20101AFX; 42004AFX; 42006AFX; 601102MQ; 604102MQ";"109B19FX;C; 201016RE;D; 340102MQ;D; 601101MQ;D; 604102MQ;E"
1;A;non;0;Non;Non;Non;Non;Non;Non;Non;Non;Oui;Oui;Oui;Non;non;CC;non;non;"109A13FX; 42005CFX; 42006CFX; 42008CFX; 42014CFX; 601103MQ";"109B02FX;C; 340102MQ;C; 42005BFX;B; 42007BFX;B; 42014BFX;C; 42016BFX;B; 601101MQ;D; 604102MQ;C"
1;A;non;77,65;Oui;Oui;Oui;Non;Oui;Non;Non;Non;Non;Non;Non;Non;non;CC;non;non;"201105RE; 340102MQ; 42005BFX; 42007BFX; 42014BFX; 42016BFX; 604C2FFX";"109B28FX;A; 201105RE;E; 42005AFX;D; 42016BFX;E; 601102MQ;C; 604102MQ;B"
2;A;non;74,71;Non;Non;Non;Oui;Non;Non;Non;Non;Non;Non;Non;Non;non;CC;non;non;"20101AFX; 42005CFX; 42014BFX; 601102MQ; 607CJA03";"109A01FX;D; 340102MQ;D; 42005BFX;C; 42007BFX;D; 42014BFX;E; 42016BFX;C; 601101MQ;D; 604103MQ;C"
2;B;non;73,96;Oui;Oui;Oui;Oui;Oui;Non;Non;Non;Non;Non;Non;Non;non;CC;non;oui;"201105RE; 42005BFX; 42007BFX; 42014BFX; 42016BFX; 601102MQ";"109B22FX;C; 340102MQ;D; 42004AFX;C; 42005AFX;B; 601101MQ;C; 604102MQ;D"
2;B;non;80,92;Oui;Oui;Oui;Non;Oui;Non;Non;Non;Non;Non;Non;Non;non;CC;oui;non;"42004AFX; 42005AFX; 42007BFX; 42016BFX; 601101MQ; 604101MQ";"109A13FX;D; 201105RE;E; 340102MQ;C; 42004AFX;E; 42005AFX;E; 42006AFX;D; 601101MQ;E"
2;A;non;68,1;Oui;Oui;Oui;Oui;Non;Non;Non;Non;Non;Non;Non;Non;non;CC;oui;oui;"340102MQ; 42014BFX; 520C01FX; 601102MQ; 604100MQ";"109B02FX;A; 340101MQ;D; 42005BFX;D; 42007BFX;C; 42014BFX;E; 42016BFX;C; 601101MQ;D; 604100MQ;E"
2;B;non;0;Non;Oui;Oui;Non;Oui;Non;Non;Non;Non;Non;Non;Non;non;RP;non;non;"109A01FX; 340CJFFX; 42005CFX; 42006CFX; 42008CFX; 42014CFX; 601103MQ";"340102MQ;A; 42005BFX;B; 42007BFX;B; 42014BFX;C; 42016BFX;B; 601102MQ;D; 604102MQ;B"
1;B;non;69,57;Oui;Oui;Oui;Non;Non;Non;Non;Non;Non;Non;Non;Non;non;CC;oui;non;"109B03FX; 340101MQ; 42005AFX; 42006AFX";"109A01FX;E; 340101MQ;E; 601101MQ;E; 604102MQ;E"
2;A;non;79,92;Oui;Oui;Oui;Non;Oui;Non;Non;Non;Non;Non;Non;Non;non;CC;oui;non;"340101MQ; 42005BFX; 42007BFX; 42014BFX; 42016BFX; 601102MQ; 604103MQ";"109A13FX;B; 201105RE;D; 340101MQ;E; 42007BFX;E; 42016BFX;E; 601101MQ;C; 604103MQ;E"
1;B;non;0;Non;Oui;Oui;Non;Oui;Non;Non;Non;Non;Non;Non;Non;non;RT;non;non;"42008DFX; 42014DFX; 42015DFX; 42016DFX";"201203RE;A; 3500BDFX;A; 42005CFX;C; 42006CFX;B; 42008CFX;A"
1;B;non;94;Oui;Oui;Oui;Non;Oui;Non;Non;Non;Non;Non;Non;Non;non;CC;non;non;"42005CFX; 42006CFX; 42008CFX; 42014CFX; 601CJVFX";"109C20FX;A; 42005BFX;A; 42007BFX;B; 42014BFX;B; 42016BFX;B; 601102MQ;B"
2;B;non;64,29;Oui;Oui;Oui;Non;Non;Non;Non;Non;Non;Non;Non;Non;non;CC;non;non;"42005CFX; 42006CFX; 42008CFX; 42014CFX";"42005BFX;C; 42007BFX;B; 42014BFX;C; 42016BFX;B"
2;B;non;67,91;Oui;Oui;Oui;Non;Oui;Non;Non;Non;Non;Non;Non;Non;non;CC;non;non;"42005CFX; 42007EFX; 42014BFX";"42005BFX;C; 42006CFX;D; 42007BFX;C; 42014BFX;E"
2;B;non;71,37;Non;Oui;Oui;Non;Oui;Oui;Non;Non;Non;Non;Non;Non;non;CC;oui;non;"201103RE; 42005CFX; 42006CFX; 42014BFX";"201103RE;E; 42005BFX;D; 42007BFX;C; 42014BFX;E; 42016BFX;C"
1;B;non;72,6;Oui;Oui;Oui;Non;Oui;Non;Non;Non;Non;Non;Non;Non;non;CC;oui;non;"20101AFX; 42006AFX; 42007BFX; 42016BFX";"109C08FX;E; 42004AFX;D; 42005AFX;D; 42006AFX;E"
1;B;non;66,28;Non;Non;Non;Oui;Non;Non;Non;Non;Non;Non;Non;Non;non;CC;oui;non;"20101AFX; 42004AFX; 42005AFX; 42006AFX";aucune donnée
2;B;non;65;Non;Non;Oui;Non;Oui;Oui;Oui;Oui;Oui;Non;Non;Non;non;CC;non;non;"42005CFX; 42014CFX";"42005BFX;C; 42007BFX;B; 42014BFX;C"
2;B;non;76,15;Oui;Oui;Oui;Non;Oui;Non;Non;Non;Non;Non;Non;Non;non;CC;non;non;"201103RE; 42005CFX; 42006CFX; 42008CFX; 42014CFX";"201103RE;E; 42005BFX;B; 42007BFX;C; 42014BFX;D; 42016BFX;C"
5;B;non;76,1;Non;Non;Non;Oui;Non;Non;Non;Non;Non;Non;Non;Non;non;CC;non;non;"42005CFX; 42006CFX; 42008CFX; 42014CFX";"42005BFX;C; 42007BFX;C; 42014BFX;B; 42016BFX;B"
2;B;non;59,54;Non;Oui;Oui;Oui;Oui;Non;Non;Non;Non;Non;Non;Non;oui;RP;oui;non;"20101AFX; 42004AFX; 42005AFX; 42006AFX; 601R13FX";aucune donnée
2;B;non;68,91;Oui;Oui;Oui;Non;Oui;Non;Non;Non;Non;Non;Non;Non;non;CC;non;non;"42005CFX; 42008CFX; 42014CFX; 601102MQ; 604C1BFX";"201NYA05;D; 340102MQ;B; 42005BFX;B; 42007BFX;B; 42014BFX;C; 42016BFX;C"
1;B;non;74,35;Non;Non;Non;Oui;Non;Non;Non;Non;Non;Non;Non;Non;non;CC;non;non;"20101AFX; 350102RE; 42005BFX; 42007BFX; 42014BFX; 42016BFX; 601102MQ";"109C01FX;B; 340102MQ;D; 42004AFX;A; 42005AFX;C; 42006AFX;B"
2;B;non;71,52;Oui;Oui;Oui;Oui;Non;Non;Non;Non;Non;Non;Non;Non;non;CC;non;non;"42005BFX; 42007BFX; 42014BFX; 42016BFX";"201015RE;E; 340CJCFX;D; 42004AFX;D; 42005AFX;D; 601CJBFX;E; 604C3DFX;D"
2;B;non;64,4;Oui;Oui;Oui;Non;Oui;Non;Non;Non;Non;Non;Non;Non;non;RP;oui;non;"109A13FX; 201105RE; 340101MQ; 42004AFX; 42005AFX; 42006AFX";aucune donnée
5;B;non;63,13;Non;Oui;Oui;Oui;Oui;Non;Non;Non;Non;Non;Non;Non;non;CC;non;oui;"201105RE; 42005CFX; 42006CFX; 42008CFX; 42014CFX";"201016RE;C; 42005BFX;C; 42007BFX;B; 42014BFX;C; 42016BFX;C"
4;B;non;74,75;Oui;Oui;Oui;Non;Oui;Non;Non;Non;Non;Non;Non;Non;non;CC;non;non;"109C22FX; 42005CFX; 42006CFX; 42008CFX; 42014CFX; 601102MQ";"109A01FX;C; 370CJAIN;C; 42005BFX;B; 42007BFX;C; 42014BFX;D; 601102MQ;E; 604C2GFX;B"
2;A;non;0;Non;Non;Non;Oui;Non;Non;Non;Non;Non;Non;Non;Non;non;RP;non;non;"20101AFX; 42004AFX; 42007BFX; 42016BFX";"109A01FX;C; 42004AFX;E; 42005AFX;C; 42006AFX;D; 601101MQ;C"
2;B;non;55,31;Non;Non;Non;Oui;Non;Non;Non;Non;Non;Non;Non;Non;non;RP;oui;non;"20101AFX; 340101MQ; 42004AFX; 42005AFX; 42006AFX";"109B02FX;E; 41001AFX;E; 410124FX;D; 410144FX;E; 412133FX;E; 604014FX;E"
3;B;non;0;Non;Oui;Oui;Non;Oui;Non;Non;Non;Non;Non;Non;Non;non;RT;non;non;"20101AFX; 42005BFX; 42007BFX; 42014BFX; 42016BFX; 601101MQ";"109A13FX;C; 340101MQ;D; 42004AFX;D; 42005AFX;B; 42006AFX;C; 601101MQ;E; 604014FX;C"
1;B;non;72,58;Oui;Oui;Oui;Non;Oui;Non;Non;Non;Non;Non;Non;Non;non;CC;non;non;"20101AFX; 42005BFX; 42007BFX; 42014BFX";"42004AFX;B; 42005AFX;D; 42006AFX;A; 42016BFX;B"
1;B;non;75,35;Oui;Oui;Oui;Non;Oui;Non;Non;Non;Non;Non;Non;Non;non;CC;oui;non;"201105RE; 42004AFX; 42005AFX; 42006AFX";"109B28FX;E; 305CM3FX;E; 340101MQ;E; 601101MQ;E; 604102MQ;E"
2;B;non;0;Non;Oui;Oui;Non;Oui;Non;Non;Non;Non;Non;Non;Non;non;RT;non;non;"20101AFX; 340102MQ; 42005CFX; 42006CFX; 42014BFX; 601102MQ";"42005BFX;C; 42006AFX;A; 42007BFX;C; 42014BFX;E; 42016BFX;D; 601101MQ;D; 604102MQ;C"
2;B;non;62,22;Non;Non;Non;Oui;Non;Non;Non;Non;Non;Non;Non;Non;non;CC;oui;non;"20101AFX; 42007BFX; 42016BFX; 601102MQ; 604C2GFX";"109C08FX;D; 42004AFX;D; 42005AFX;D; 42006AFX;C; 601102MQ;E; 604102MQ;D"
3;B;non;74,85;Oui;Oui;Oui;Non;Oui;Non;Non;Non;Non;Non;Non;Non;non;CC;non;non;"20101AFX; 42005BFX; 42007BFX; 42014BFX; 42016BFX";"42004AFX;A; 42005AFX;A; 42006AFX;A"
3;B;non;82,72;Oui;Oui;Oui;Non;Oui;Non;Non;Non;Non;Non;Non;Non;non;CC;non;non;"20101AFX; 42005BFX; 42007BFX; 42014BFX; 42016BFX";"42004AFX;A; 42005AFX;A; 42006AFX;A"
2;A;non;0;Oui;Oui;Oui;Non;Non;Non;Non;Non;Non;Non;Non;Non;non;CC;non;non;"20101AFX; 42004AFX; 42005AFX; 42006AFX";aucune donnée
1;B;non;0;Non;Oui;Oui;Non;Oui;Non;Non;Non;Non;Non;Non;Non;non;RT;non;non;"109A13FX; 201105RE; 340101MQ; 42004AFX; 42005AFX; 42006AFX; 601101MQ";aucune donnée
1;I;non;0;Non;Oui;Oui;Non;Oui;Non;Non;Non;Non;Non;Non;Non;oui;RT;non;non;"109A01FX; 340101MQ; 42004AFX; 42005AFX; 42006AFX; 601R13FX";aucune donnée
5;I;non;0;Non;Oui;Oui;Non;Non;Non;Non;Non;Non;Non;Non;Non;oui;RT;non;non;"109A01FX; 20101AFX; 340101MQ; 42004AFX; 42005AFX; 42006AFX; 601R13FX";aucune donnée
1;B;non;0;Non;Oui;Oui;Non;Oui;Non;Non;Non;Non;Non;Non;Non;oui;RT;non;non;"109A01FX; 20101AFX; 340101MQ; 42004AFX; 42005AFX; 42006AFX; 601R13FX";aucune donnée
1;B;non;0;Non;Oui;Oui;Non;Oui;Non;Non;Non;Non;Non;Non;Non;non;RT;non;non;"109A13FX; 340102MQ; 42005BFX; 42007BFX; 42014BFX; 42016BFX; 601102MQ; 604100MQ";"109B22FX;B; 201105RE;C; 340101MQ;D; 42004AFX;B; 42005AFX;B; 42006AFX;B; 601101MQ;B"
1;B;non;0;Non;Oui;Oui;Non;Oui;Non;Non;Non;Non;Non;Non;Non;oui;RT;non;non;"109B02FX; 201105RE; 340101MQ; 42004AFX; 42005AFX; 42006AFX; 601R13FX";aucune donnée
1;B;non;0;Non;Oui;Oui;Non;Oui;Non;Non;Non;Non;Non;Non;Non;non;RT;non;non;"109B28FX; 340101MQ; 42006AFX; 601101MQ";aucune donnée
5;I;non;0;Non;Oui;Oui;Non;Oui;Non;Non;Non;Non;Non;Non;Non;oui;RT;non;non;"20101AFX; 340101MQ; 42005AFX; 42006AFX; 601R13FX";aucune donnée
1;B;non;0;Non;Oui;Oui;Non;Oui;Non;Non;Non;Non;Non;Non;Non;oui;RT;non;non;"201105RE; 42004AFX; 42005AFX; 42006AFX; 601R13FX";aucune donnée
1;B;non;0;Non;Oui;Oui;Non;Oui;Non;Non;Non;Non;Non;Non;Non;oui;RT;non;non;"109A01FX; 20101AFX; 340101MQ; 42004AFX; 42005AFX; 42006AFX; 601R13FX";aucune donnée
1;B;non;0;Non;Oui;Oui;Non;Non;Non;Non;Non;Non;Non;Non;Non;oui;RT;non;non;"109B22FX; 20101AFX; 340101MQ; 42004AFX; 42005AFX; 42006AFX; 601R13FX";aucune donnée
2;A;non;78;Non;Oui;Oui;Non;Non;Non;Non;Non;Non;Non;Non;Non;non;CC;non;oui;"109B09FX; 340101MQ; 42006AFX; 601101MQ";aucune donnée
1;A;non;81,66;Non;Oui;Oui;Non;Oui;Oui;Non;Non;Non;Non;Non;Non;non;CC;non;non;"109B01FX; 201105RE; 340101MQ; 42004AFX; 42005AFX; 42006AFX; 601101MQ";aucune donnée
1;A;non;88,3;Oui;Oui;Oui;Non;Oui;Non;Non;Non;Non;Non;Non;Non;non;CC;non;non;"109A21FX; 201105RE; 340101MQ; 42004AFX; 42005AFX; 42006AFX; 601101MQ";aucune donnée
1;B;non;62,33;Oui;Oui;Oui;Non;Non;Non;Non;Non;Non;Non;Non;Non;oui;CC;non;non;"20101AFX; 340101MQ; 42004AFX; 42005AFX; 42006AFX; 601R13FX";aucune donnée
2;A;non;64,62;Oui;Oui;Oui;Non;Oui;Non;Non;Non;Non;Non;Non;Non;oui;RP;non;non;"109A13FX; 340101MQ; 42006AFX; 601R13FX";aucune donnée
1;A;non;64,91;Non;Non;Non;Oui;Non;Non;Non;Non;Non;Non;Non;Non;oui;CC;non;non;"109B01FX; 20101AFX; 42005AFX; 42006AFX; 601R13FX";aucune donnée
1;B;non;67,45;Non;Non;Non;Oui;Non;Non;Non;Non;Non;Non;Non;Non;oui;CC;non;oui;"109B25FX; 42004AFX; 42005AFX; 42006AFX; 601R13FX";aucune donnée
1;A;non;88,73;Oui;Oui;Oui;Non;Oui;Non;Non;Non;Non;Non;Non;Non;non;CC;non;non;"109B19FX; 201105RE; 340101MQ; 42004AFX; 42005AFX; 42006AFX; 601101MQ";aucune donnée
1;A;non;81,77;Oui;Oui;Oui;Non;Oui;Non;Non;Non;Non;Non;Non;Non;non;CC;non;non;"109B19FX; 201105RE; 340101MQ; 42004AFX; 42005AFX; 42006AFX; 601101MQ";aucune donnée
2;A;non;77,81;Oui;Oui;Oui;Non;Oui;Non;Non;Non;Non;Non;Non;Non;non;CC;non;non;"109B28FX; 201105RE; 340101MQ; 42004AFX; 42005AFX; 42006AFX; 601101MQ";aucune donnée
2;A;non;76,67;Oui;Oui;Oui;Non;Oui;Non;Non;Non;Non;Non;Non;Non;non;CC;non;non;"109B28FX; 201105RE; 340101MQ; 42004AFX; 42005AFX; 42006AFX; 601101MQ";aucune donnée
1;A;non;76,82;Non;Non;Non;Oui;Non;Non;Non;Non;Non;Non;Non;Non;non;CC;non;non;"109A13FX; 20101AFX; 340101MQ; 42004AFX; 42005AFX; 42006AFX";aucune donnée
1;B;non;0;Non;Oui;Oui;Non;Oui;Non;Non;Non;Non;Non;Non;Non;non;RT;non;non;"109A14FX; 201105RE; 340101MQ; 42004AFX; 42005AFX; 42006AFX; 601101MQ";aucune donnée
1;A;non;89,08;Oui;Oui;Oui;Non;Oui;Non;Non;Non;Non;Non;Non;Non;non;CC;non;non;"109A21FX; 201105RE; 340101MQ; 42004AFX; 42005AFX; 42006AFX; 601101MQ";aucune donnée
1;A;non;87,84;Non;Oui;Oui;Non;Oui;Oui;Non;Non;Non;Non;Non;Non;non;RT;non;non;"109A21FX; 201105RE; 340101MQ; 42004AFX; 42005AFX; 42006AFX; 601101MQ";aucune donnée
1;A;non;72,54;Non;Oui;Oui;Non;Oui;Oui;Non;Non;Non;Non;Non;Non;oui;CC;non;non;"109A01FX; 340101MQ; 350102RE; 601R13FX";aucune donnée
5;A;non;64,79;Oui;Oui;Oui;Non;Oui;Non;Non;Non;Non;Non;Non;Non;non;CC;non;non;"109B22FX; 201105RE; 42004AFX; 42005AFX; 42006AFX; 601101MQ";aucune donnée
5;A;non;63,24;Oui;Oui;Oui;Non;En Cours;Non;Non;Non;Non;Non;Non;Non;non;CC;non;non;"109A13FX; 201015RE; 42004AFX; 42005AFX; 42006AFX; 601101MQ";aucune donnée
1;A;non;73,08;Oui;Oui;Oui;Non;Oui;Non;Non;Non;Non;Non;Non;Non;non;CC;non;non;"109A33FX; 201105RE; 340101MQ; 42005AFX; 42006AFX";aucune donnée
1;B;non;0;Non;Oui;Oui;Non;Oui;Non;Non;Non;Non;Non;Non;Non;non;RT;non;non;"20101AFX; 340101MQ; 42004AFX; 42005AFX; 42006AFX";aucune donnée
2;A;non;73,1;Non;Non;Non;Oui;Non;Non;Non;Non;Non;Non;Non;Non;non;RP;non;non;"340101MQ; 42004AFX; 42005AFX; 42006AFX; 601101MQ";aucune donnée
1;A;non;79,12;Oui;Oui;Oui;Oui;Non;Non;Non;Non;Non;Non;Non;Non;non;CC;non;non;"109B02FX; 20101AFX; 340101MQ; 42004AFX; 42005AFX; 42006AFX; 601101MQ";aucune donnée
1;B;non;0;Non;Oui;Oui;Non;Oui;Non;Non;Non;Non;Non;Non;Non;non;RT;non;non;"109A07FX; 20101AFX; 340101MQ; 42004AFX; 42005AFX; 42006AFX; 601101MQ";aucune donnée
1;A;non;68,67;Non;Non;Non;Oui;Non;Non;Non;Non;Non;Non;Non;Non;non;RP;non;non;"20101AFX; 42004AFX; 42005AFX; 42006AFX";aucune donnée
1;A;non;69,3;Non;Non;Non;Oui;Non;Non;Non;Non;Non;Non;Non;Non;oui;CC;non;non;"20101AFX; 340101MQ; 42004AFX; 42005AFX; 42006AFX; 601R13FX";aucune donnée
1;A;non;69;Non;Non;Non;Oui;Non;Non;Non;Non;Non;Non;Non;Non;oui;CC;non;non;601R13FX;aucune donnée
2;A;non;67,21;Non;Oui;Oui;Non;Oui;Oui;Non;Non;Non;Non;Non;Non;non;CC;non;non;"109A14FX; 201105RE; 340101MQ; 42004AFX; 42005AFX; 42006AFX; 601101MQ";aucune donnée
2;A;non;70,19;Non;Non;Non;Oui;Non;Non;Non;Non;Non;Non;Non;Non;oui;CC;non;non;"109A13FX; 20101AFX; 340101MQ; 42004AFX; 42005AFX; 42006AFX; 601R13FX";aucune donnée
1;A;non;73,63;Oui;Oui;Oui;Non;Oui;Non;Non;Non;Non;Non;Non;Non;non;CC;non;oui;"109A01FX; 201105RE; 340101MQ; 42004AFX; 42005AFX; 42006AFX";aucune donnée
2;A;non;68,32;Non;Oui;Oui;Non;Non;Non;Non;Non;Non;Non;Non;Non;oui;CC;non;non;"109B02FX; 20101AFX; 340101MQ; 42006AFX; 601R13FX";aucune donnée
1;A;non;73,82;Non;Non;Non;Oui;Non;Non;Non;Non;Non;Non;Non;Non;oui;CC;non;non;"109B02FX; 20101AFX; 340101MQ; 42004AFX; 42005AFX; 42006AFX; 601R13FX";aucune donnée
1;A;non;62,61;Non;Oui;Oui;Oui;Non;Non;Non;Non;Non;Non;Non;Non;oui;CC;non;non;"20101AFX; 340101MQ; 42004AFX; 42006AFX; 42016BFX; 601R13FX";aucune donnée
1;A;non;69,75;Non;Oui;Oui;Non;Oui;Oui;Non;Non;Non;Non;Non;Non;oui;CC;non;non;"109B19FX; 201105RE; 340101MQ; 42004AFX; 42005AFX; 42006AFX; 601R13FX";aucune donnée
2;A;non;71,12;Non;Non;Non;Oui;Non;Non;Non;Non;Non;Non;Non;Non;oui;CC;non;non;"109A13FX; 20101AFX; 340101MQ; 42004AFX; 42005AFX; 42006AFX; 601R13FX";aucune donnée
1;A;non;71,44;Oui;Oui;Oui;Non;Oui;Non;Non;Non;Non;Non;Non;Non;non;CC;non;oui;"109A14FX; 201105RE; 340101MQ; 42004AFX; 42005AFX; 42006AFX; 601101MQ";aucune donnée
2;A;non;72,15;Non;Non;Non;Oui;Non;Non;Non;Non;Non;Non;Non;Non;oui;CC;non;oui;"109B01FX; 340101MQ; 350102RE; 601R13FX";aucune donnée
1;A;non;79,67;Oui;Oui;Oui;Non;Oui;Non;Non;Non;Non;Non;Non;Non;non;CC;non;non;"109A13FX; 201105RE; 340101MQ; 42004AFX; 42005AFX; 42006AFX; 601101MQ";aucune donnée
2;A;non;74,88;Oui;Oui;Oui;Non;Oui;Non;Non;Non;Non;Non;Non;Non;oui;CC;non;non;"109A01FX; 20101AFX; 340101MQ; 42004AFX; 42005AFX; 42006AFX; 601R13FX";aucune donnée
1;A;non;72,71;Oui;Oui;Oui;Non;Non;Non;Non;Non;Non;Non;Non;Non;oui;CC;non;non;"109B01FX; 20101AFX; 340101MQ; 42004AFX; 42005AFX; 42006AFX; 601R13FX";aucune donnée
1;A;non;74,57;Non;Non;Non;Oui;Non;Non;Non;Non;Non;Non;Non;Non;non;CC;non;non;"109A01FX; 20101AFX; 340101MQ; 42004AFX; 42005AFX; 42006AFX; 601101MQ";aucune donnée
1;A;non;64,25;Non;Non;Non;Oui;Non;Non;Non;Non;Non;Non;Non;Non;oui;CC;non;non;"109B02FX; 20101AFX; 340101MQ; 42004AFX; 42005AFX; 42006AFX; 601R13FX";aucune donnée
1;A;non;74,27;Oui;Oui;Oui;Non;Oui;Non;Non;Non;Non;Non;Non;Non;non;CC;non;non;"109A13FX; 201105RE; 340101MQ; 42004AFX; 42005AFX; 42006AFX; 601101MQ";aucune donnée
2;A;non;74,17;Oui;Oui;Oui;Non;Oui;Non;Non;Non;Non;Non;Non;Non;non;CC;non;non;"109B02FX; 201105RE; 340101MQ; 42004AFX; 42005AFX; 42006AFX; 601101MQ";aucune donnée
2;A;non;66,18;Oui;Oui;Oui;Non;Oui;Non;Non;Non;Non;Non;Non;Non;oui;CC;non;non;"109A13FX; 201105RE; 340101MQ; 42004AFX; 42005AFX; 42006AFX; 601R13FX";aucune donnée
1;A;non;58,77;Non;Non;Non;Oui;Non;Non;Non;Non;Non;Non;Non;Non;non;CC;non;non;"109B19FX; 20101AFX; 340101MQ; 42004AFX; 42005AFX; 42006AFX";aucune donnée
1;B;non;65,11;Non;Non;Non;Oui;Non;Non;Non;Non;Non;Non;Non;Non;oui;CC;non;non;"20101AFX; 340101MQ; 42004AFX; 42006AFX; 601R13FX";aucune donnée
1;B;non;0;Non;Oui;Oui;Non;Oui;Non;Non;Non;Non;Non;Non;Non;non;RT;non;non;"109B22FX; 20101AFX; 340101MQ; 42004AFX; 42005AFX; 42006AFX";aucune donnée
2;B;non;61,11;Oui;Oui;Oui;Non;Non;Non;Non;Non;Oui;Non;Non;Non;non;CC;oui;non;"109B01FX; 20101AFX; 42004AFX; 42007BFX; 601102MQ; 604CJJFX";aucune donnée
1;B;non;76,33;Oui;Oui;Oui;Non;Oui;Non;Non;Non;Non;Non;Non;Non;non;CC;non;non;"201105RE; 42004AFX; 42005AFX; 42006AFX";aucune donnée
1;B;non;73,2;Oui;Oui;Oui;Non;Oui;Non;Non;Non;Non;Non;Non;Non;non;CC;oui;oui;"109B02FX; 20101AFX; 340101MQ; 42004AFX; 42005AFX; 42006AFX; 601101MQ";aucune donnée
1;B;non;65,89;Non;Non;Non;Oui;Non;Non;Non;Non;Non;Non;Non;Non;oui;CC;non;non;"20101AFX; 340101MQ; 42004AFX; 42016BFX; 601R13FX";aucune donnée
1;B;non;78,17;Non;Oui;Oui;Non;Oui;Oui;Non;Non;Non;Non;Non;Non;non;CC;non;non;"20101AFX; 340CJVFX; 42004AFX; 42005AFX; 42006AFX";aucune donnée
2;B;non;66,81;Oui;Oui;Oui;Non;Non;Non;Non;Non;Non;Non;Non;Non;non;CC;non;non;"20101AFX; 42004AFX; 42005AFX; 42006AFX";aucune donnée
5;I;non;0;Non;Oui;Oui;Non;Non;Non;Non;Non;Non;Non;Non;Non;oui;RT;oui;non;"109A14FX; 20101AFX; 42004AFX; 42005AFX; 42006AFX; 601R13FX";aucune donnée
1;B;non;73,2;Oui;Oui;Oui;Non;Oui;Non;Non;Non;Non;Non;Non;Non;non;CC;non;non;"109B02FX; 201105RE; 340102MQ; 42004AFX; 42005AFX; 42006AFX";aucune donnée
2;B;non;74,9;Non;Oui;Oui;Oui;Non;Non;Non;Non;Non;Non;Non;Non;non;CC;oui;non;"109B02FX; 20101AFX; 340CJCFX; 42004AFX; 42005AFX; 42006AFX";aucune donnée
2;B;non;92,09;Oui;Oui;Oui;Non;Oui;Non;Non;Non;Non;Non;Non;Non;non;CC;non;non;"109A13FX; 201105RE; 340102MQ; 410C06RI; 410C14RI; 410C23RI; 410C34RI; 410C43RI; 42004AFX; 42005AFX; 42006AFX";aucune donnée
2;B;non;71,78;Non;Oui;Oui;Non;Oui;Oui;Non;Non;Non;Non;Non;Non;non;CC;non;non;"20101AFX; 42004AFX; 42005AFX; 42006AFX";aucune donnée
2;B;non;69,75;Oui;Oui;Oui;Non;Oui;Non;Non;Non;Non;Non;Non;Non;non;CC;non;non;"201105RE; 42004AFX; 42005AFX; 42006AFX";aucune donnée
2;B;non;73,31;Oui;Oui;Oui;Non;Oui;Non;Non;Non;Non;Non;Non;Non;non;CC;oui;non;"20101AFX; 42004AFX; 42005AFX";aucune donnée
2;B;non;82,71;Non;Oui;Oui;Non;Oui;Oui;Non;Non;Non;Non;Non;Non;non;CC;non;non;"109C22FX; 20101AFX; 42004AFX; 42005AFX; 42006AFX";aucune donnée
;;;;;;;;;;;;;;;;;;oui;oui;;
;;;;;;;;;;;;;;;;;;oui;oui;;
;;;;;;;;;;;;;;;;;;oui;oui;;
;;;;;;;;;;;;;;;;;;oui;oui;;
;;;;;;;;;;;;;;;;;;oui;oui;;
;;;;;;;;;;;;;;;;;;oui;oui;;
;;;;;;;;;;;;;;;;;;oui;oui;;
;;;;;;;;;;;;;;;;;;oui;oui;;
;;;;;;;;;;;;;;;;;;oui;oui;;
;;;;;;;;;;;;;;;;;;oui;oui;;
;;;;;;;;;;;;;;;;;;oui;oui;;
;;;;;;;;;;;;;;;;;;oui;oui;;
;;;;;;;;;;;;;;;;;;oui;oui;;
;;;;;;;;;;;;;;;;;;oui;oui;;
;;;;;;;;;;;;;;;;;;oui;oui;;
;;;;;;;;;;;;;;;;;;oui;oui;;
;;;;;;;;;;;;;;;;;;oui;oui;;
;;;;;;;;;;;;;;;;;;oui;oui;;
;;;;;;;;;;;;;;;;;;oui;oui;;
;;;;;;;;;;;;;;;;;;oui;oui;;
;;;;;;;;;;;;;;;;;;oui;oui;;
;;;;;;;;;;;;;;;;;;oui;oui;;
;;;;;;;;;;;;;;;;;;oui;oui;;
;;;;;;;;;;;;;;;;;;oui;oui;;
;;;;;;;;;;;;;;;;;;oui;oui;;
;;;;;;;;;;;;;;;;;;oui;oui;;
;;;;;;;;;;;;;;;;;;oui;oui;;
;;;;;;;;;;;;;;;;;;oui;oui;;
;;;;;;;;;;;;;;;;;;oui;oui;;
;;;;;;;;;;;;;;;;;;oui;oui;;
;;;;;;;;;;;;;;;;;;oui;oui;;
;;;;;;;;;;;;;;;;;;oui;oui;;
;;;;;;;;;;;;;;;;;;oui;oui;;
;;;;;;;;;;;;;;;;;;oui;oui;;
;;;;;;;;;;;;;;;;;;oui;oui;;
;;;;;;;;;;;;;;;;;;oui;oui;;
;;;;;;;;;;;;;;;;;;oui;oui;;
;;;;;;;;;;;;;;;;;;oui;oui;;
;;;;;;;;;;;;;;;;;;oui;oui;;
;;;;;;;;;;;;;;;;;;oui;oui;;
;;;;;;;;;;;;;;;;;;oui;oui;;
;;;;;;;;;;;;;;;;;;oui;oui;;
;;;;;;;;;;;;;;;;;;oui;oui;;
;;;;;;;;;;;;;;;;;;oui;oui;;
;;;;;;;;;;;;;;;;;;oui;oui;;
;;;;;;;;;;;;;;;;;;oui;oui;;
;;;;;;;;;;;;;;;;;;oui;oui;;
;;;;;;;;;;;;;;;;;;oui;oui;;
;;;;;;;;;;;;;;;;;;oui;oui;;
;;;;;;;;;;;;;;;;;;oui;oui;;
;;;;;;;;;;;;;;;;;;oui;oui;;
;;;;;;;;;;;;;;;;;;oui;oui;;
;;;;;;;;;;;;;;;;;;oui;oui;;
;;;;;;;;;;;;;;;;;;oui;oui;;
;;;;;;;;;;;;;;;;;;oui;oui;;
;;;;;;;;;;;;;;;;;;oui;oui;;
;;;;;;;;;;;;;;;;;;oui;oui;;
;;;;;;;;;;;;;;;;;;oui;oui;;
;;;;;;;;;;;;;;;;;;oui;oui;;
;;;;;;;;;;;;;;;;;;oui;oui;;
;;;;;;;;;;;;;;;;;;oui;oui;;
;;;;;;;;;;;;;;;;;;oui;oui;;
;;;;;;;;;;;;;;;;;;oui;oui;;
;;;;;;;;;;;;;;;;;;oui;oui;;
;;;;;;;;;;;;;;;;;;oui;oui;;
;;;;;;;;;;;;;;;;;;oui;oui;;
;;;;;;;;;;;;;;;;;;oui;oui;;
;;;;;;;;;;;;;;;;;;oui;oui;;
;;;;;;;;;;;;;;;;;;oui;oui;;
;;;;;;;;;;;;;;;;;;oui;oui;;
;;;;;;;;;;;;;;;;;;oui;oui;;
;;;;;;;;;;;;;;;;;;oui;oui;;
;;;;;;;;;;;;;;;;;;oui;oui;;
;;;;;;;;;;;;;;;;;;oui;oui;;
;;;;;;;;;;;;;;;;;;oui;oui;;
;;;;;;;;;;;;;;;;;;oui;oui;;
;;;;;;;;;;;;;;;;;;oui;oui;;
;;;;;;;;;;;;;;;;;;oui;oui;;
;;;;;;;;;;;;;;;;;;oui;oui;;
;;;;;;;;;;;;;;;;;;oui;oui;;
;;;;;;;;;;;;;;;;;;oui;oui;;
;;;;;;;;;;;;;;;;;;oui;oui;;
;;;;;;;;;;;;;;;;;;oui;oui;;
;;;;;;;;;;;;;;;;;;oui;oui;;
;;;;;;;;;;;;;;;;;;oui;oui;;
;;;;;;;;;;;;;;;;;;oui;oui;;
;;;;;;;;;;;;;;;;;;oui;oui;;
;;;;;;;;;;;;;;;;;;oui;oui;;
;;;;;;;;;;;;;;;;;;oui;oui;;
;;;;;;;;;;;;;;;;;;oui;oui;;
;;;;;;;;;;;;;;;;;;oui;oui;;
;;;;;;;;;;;;;;;;;;oui;oui;;
;;;;;;;;;;;;;;;;;;oui;oui;;
;;;;;;;;;;;;;;;;;;oui;oui;;
;;;;;;;;;;;;;;;;;;oui;oui;;
;;;;;;;;;;;;;;;;;;oui;oui;;
;;;;;;;;;;;;;;;;;;oui;oui;;
;;;;;;;;;;;;;;;;;;oui;oui;;
;;;;;;;;;;;;;;;;;;oui;oui;;
;;;;;;;;;;;;;;;;;;oui;oui;;
;;;;;;;;;;;;;;;;;;oui;oui;;
;;;;;;;;;;;;;;;;;;oui;oui;;
;;;;;;;;;;;;;;;;;;oui;oui;;
;;;;;;;;;;;;;;;;;;oui;oui;;
;;;;;;;;;;;;;;;;;;oui;oui;;
;;;;;;;;;;;;;;;;;;oui;oui;;
;;;;;;;;;;;;;;;;;;oui;oui;;
;;;;;;;;;;;;;;;;;;oui;oui;;
;;;;;;;;;;;;;;;;;;oui;oui;;
;;;;;;;;;;;;;;;;;;oui;oui;;
;;;;;;;;;;;;;;;;;;oui;oui;;
;;;;;;;;;;;;;;;;;;oui;oui;;
;;;;;;;;;;;;;;;;;;oui;oui;;
;;;;;;;;;;;;;;;;;;oui;oui;;
;;;;;;;;;;;;;;;;;;oui;oui;;
;;;;;;;;;;;;;;;;;;oui;oui;;
;;;;;;;;;;;;;;;;;;oui;oui;;
;;;;;;;;;;;;;;;;;;oui;oui;;
;;;;;;;;;;;;;;;;;;oui;oui;;
;;;;;;;;;;;;;;;;;;oui;oui;;
;;;;;;;;;;;;;;;;;;oui;oui;;
;;;;;;;;;;;;;;;;;;oui;oui;;
;;;;;;;;;;;;;;;;;;oui;oui;;
;;;;;;;;;;;;;;;;;;oui;oui;;
;;;;;;;;;;;;;;;;;;oui;oui;;
;;;;;;;;;;;;;;;;;;oui;oui;;
;;;;;;;;;;;;;;;;;;oui;oui;;
;;;;;;;;;;;;;;;;;;oui;oui;;
;;;;;;;;;;;;;;;;;;oui;oui;;
;;;;;;;;;;;;;;;;;;oui;oui;;
;;;;;;;;;;;;;;;;;;oui;oui;;
;;;;;;;;;;;;;;;;;;oui;oui;;
;;;;;;;;;;;;;;;;;;oui;oui;;
;;;;;;;;;;;;;;;;;;oui;oui;;
;;;;;;;;;;;;;;;;;;oui;oui;;
;;;;;;;;;;;;;;;;;;oui;oui;;
;;;;;;;;;;;;;;;;;;oui;oui;;
;;;;;;;;;;;;;;;;;;oui;oui;;
;;;;;;;;;;;;;;;;;;oui;oui;;
;;;;;;;;;;;;;;;;;;oui;oui;;
;;;;;;;;;;;;;;;;;;oui;oui;;
;;;;;;;;;;;;;;;;;;oui;oui;;
;;;;;;;;;;;;;;;;;;oui;oui;;
;;;;;;;;;;;;;;;;;;oui;oui;;
;;;;;;;;;;;;;;;;;;oui;oui;;
;;;;;;;;;;;;;;;;;;oui;oui;;
;;;;;;;;;;;;;;;;;;oui;oui;;
;;;;;;;;;;;;;;;;;;oui;oui;;
;;;;;;;;;;;;;;;;;;oui;oui;;
;;;;;;;;;;;;;;;;;;oui;oui;;
;;;;;;;;;;;;;;;;;;oui;oui;;
;;;;;;;;;;;;;;;;;;oui;oui;;
;;;;;;;;;;;;;;;;;;oui;oui;;
;;;;;;;;;;;;;;;;;;oui;oui;;
;;;;;;;;;;;;;;;;;;oui;oui;;
;;;;;;;;;;;;;;;;;;oui;oui;;
;;;;;;;;;;;;;;;;;;oui;oui;;
;;;;;;;;;;;;;;;;;;oui;oui;;
;;;;;;;;;;;;;;;;;;oui;oui;;
;;;;;;;;;;;;;;;;;;oui;oui;;
;;;;;;;;;;;;;;;;;;oui;oui;;
;;;;;;;;;;;;;;;;;;oui;oui;;
;;;;;;;;;;;;;;;;;;oui;oui;;
;;;;;;;;;;;;;;;;;;oui;oui;;
;;;;;;;;;;;;;;;;;;oui;oui;;
;;;;;;;;;;;;;;;;;;oui;oui;;
;;;;;;;;;;;;;;;;;;oui;oui;;
;;;;;;;;;;;;;;;;;;oui;oui;;
;;;;;;;;;;;;;;;;;;oui;oui;;
;;;;;;;;;;;;;;;;;;oui;oui;;
;;;;;;;;;;;;;;;;;;oui;oui;;
;;;;;;;;;;;;;;;;;;oui;oui;;
;;;;;;;;;;;;;;;;;;oui;oui;;
;;;;;;;;;;;;;;;;;;oui;oui;;
;;;;;;;;;;;;;;;;;;oui;oui;;
;;;;;;;;;;;;;;;;;;oui;oui;;
;;;;;;;;;;;;;;;;;;oui;oui;;
;;;;;;;;;;;;;;;;;;oui;oui;;
;;;;;;;;;;;;;;;;;;oui;oui;;
;;;;;;;;;;;;;;;;;;oui;oui;;
;;;;;;;;;;;;;;;;;;oui;oui;;
;;;;;;;;;;;;;;;;;;oui;oui;;
;;;;;;;;;;;;;;;;;;oui;oui;;
;;;;;;;;;;;;;;;;;;oui;oui;;
;;;;;;;;;;;;;;;;;;oui;oui;;
;;;;;;;;;;;;;;;;;;oui;oui;;
;;;;;;;;;;;;;;;;;;oui;oui;;
;;;;;;;;;;;;;;;;;;oui;oui;;
;;;;;;;;;;;;;;;;;;oui;oui;;
;;;;;;;;;;;;;;;;;;oui;oui;;
;;;;;;;;;;;;;;;;;;oui;oui;;
;;;;;;;;;;;;;;;;;;oui;oui;;
;;;;;;;;;;;;;;;;;;oui;oui;;
;;;;;;;;;;;;;;;;;;oui;oui;;
;;;;;;;;;;;;;;;;;;oui;oui;;
;;;;;;;;;;;;;;;;;;oui;oui;;
;;;;;;;;;;;;;;;;;;oui;oui;;
;;;;;;;;;;;;;;;;;;oui;oui;;
;;;;;;;;;;;;;;;;;;oui;oui;;
;;;;;;;;;;;;;;;;;;oui;oui;;
;;;;;;;;;;;;;;;;;;oui;oui;;
;;;;;;;;;;;;;;;;;;oui;oui;;
;;;;;;;;;;;;;;;;;;oui;oui;;
;;;;;;;;;;;;;;;;;;oui;oui;;
;;;;;;;;;;;;;;;;;;oui;oui;;
;;;;;;;;;;;;;;;;;;oui;oui;;
;;;;;;;;;;;;;;;;;;oui;oui;;
;;;;;;;;;;;;;;;;;;oui;oui;;
;;;;;;;;;;;;;;;;;;oui;oui;;
;;;;;;;;;;;;;;;;;;oui;oui;;
;;;;;;;;;;;;;;;;;;oui;oui;;
;;;;;;;;;;;;;;;;;;oui;oui;;
;;;;;;;;;;;;;;;;;;oui;oui;;
;;;;;;;;;;;;;;;;;;oui;oui;;
;;;;;;;;;;;;;;;;;;oui;oui;;
;;;;;;;;;;;;;;;;;;oui;oui;;
;;;;;;;;;;;;;;;;;;oui;oui;;
;;;;;;;;;;;;;;;;;;oui;oui;;
;;;;;;;;;;;;;;;;;;oui;oui;;
;;;;;;;;;;;;;;;;;;oui;oui;;
;;;;;;;;;;;;;;;;;;oui;oui;;
;;;;;;;;;;;;;;;;;;oui;oui;;
;;;;;;;;;;;;;;;;;;oui;oui;;
;;;;;;;;;;;;;;;;;;oui;oui;;
;;;;;;;;;;;;;;;;;;oui;oui;;
;;;;;;;;;;;;;;;;;;oui;oui;;
;;;;;;;;;;;;;;;;;;oui;oui;;
;;;;;;;;;;;;;;;;;;oui;oui;;
;;;;;;;;;;;;;;;;;;oui;oui;;
;;;;;;;;;;;;;;;;;;oui;oui;;
;;;;;;;;;;;;;;;;;;oui;oui;;
;;;;;;;;;;;;;;;;;;oui;oui;;
;;;;;;;;;;;;;;;;;;oui;oui;;
;;;;;;;;;;;;;;;;;;oui;oui;;
;;;;;;;;;;;;;;;;;;oui;oui;;
;;;;;;;;;;;;;;;;;;oui;oui;;
;;;;;;;;;;;;;;;;;;oui;oui;;
;;;;;;;;;;;;;;;;;;oui;oui;;
;;;;;;;;;;;;;;;;;;oui;oui;;
;;;;;;;;;;;;;;;;;;oui;oui;;
;;;;;;;;;;;;;;;;;;oui;oui;;
;;;;;;;;;;;;;;;;;;oui;oui;;
;;;;;;;;;;;;;;;;;;oui;oui;;
;;;;;;;;;;;;;;;;;;oui;oui;;
;;;;;;;;;;;;;;;;;;oui;oui;;
;;;;;;;;;;;;;;;;;;oui;oui;;
;;;;;;;;;;;;;;;;;;oui;oui;;
;;;;;;;;;;;;;;;;;;oui;oui;;
;;;;;;;;;;;;;;;;;;oui;oui;;
;;;;;;;;;;;;;;;;;;oui;oui;;
;;;;;;;;;;;;;;;;;;oui;oui;;
;;;;;;;;;;;;;;;;;;oui;oui;;
;;;;;;;;;;;;;;;;;;oui;oui;;
;;;;;;;;;;;;;;;;;;oui;oui;;
;;;;;;;;;;;;;;;;;;oui;oui;;
;;;;;;;;;;;;;;;;;;oui;oui;;
;;;;;;;;;;;;;;;;;;oui;oui;;
;;;;;;;;;;;;;;;;;;oui;oui;;
;;;;;;;;;;;;;;;;;;oui;oui;;
;;;;;;;;;;;;;;;;;;oui;oui;;
;;;;;;;;;;;;;;;;;;oui;oui;;
;;;;;;;;;;;;;;;;;;oui;oui;;
;;;;;;;;;;;;;;;;;;oui;oui;;
